id,level,part,topic,openingLine,guidingQuestions,status
np-a2-presentation-arbeid,A2,presentation,arbeid,Velkommen til muntlig prøve. Vi begynner med en kort presentasjon. Kan du fortelle om jobben din eller en jobb du ønsker å ha?,Fortell om jobben din eller en jobb du ønsker å ha i Norge. Hva gjør du i hverdagen?,draft
np-a2-picture-arbeid,A2,picture,arbeid,Se på bildet av kontoret. Kan du beskrive hva du ser i rommet og hvor tingene står?,"Beskriv arbeidsplassen på bildet: skrivebordet, stolen, datamaskinen og planten.",draft
np-a2-conversation-arbeid,A2,conversation,arbeid,"Hei! Jeg jobber i butikk og starter ofte tidlig. Når begynner arbeidsdagen din, og hva gjør du først?",Snakk sammen om hvordan en typisk arbeidsdag ser ut for dere.,draft
np-a2-presentation-bolig,A2,presentation,bolig,Velkommen til muntlig prøve. Vi begynner med en kort presentasjon. Kan du fortelle om hvordan du bor i dag?,"Fortell om leiligheten eller huset ditt, hvor du bor og hva du liker med boligen.",draft
np-a2-picture-bolig,A2,picture,bolig,Se på bildet av stua. Kan du beskrive møblene og fortelle hva du ser i rommet?,"Beskriv stua på bildet: sofaen, bordet, lampen, hylla og teppet.",draft
np-a2-conversation-bolig,A2,conversation,bolig,Hei! Jeg leter etter en ny leilighet nå. Liker du best å bo midt i sentrum eller litt utenfor byen?,Diskuter fordeler med å bo i sentrum eller utenfor byen.,draft
np-a2-presentation-helse,A2,presentation,helse,Velkommen til muntlig prøve. Vi begynner med en kort presentasjon. Kan du fortelle om hva du gjør for å holde deg frisk?,"Fortell om mat, søvn, trening og hva du gjør for å holde deg frisk.",draft
np-a2-picture-helse,A2,picture,helse,Se på bildet av legekontoret. Kan du beskrive hva du ser i dette rommet?,"Beskriv legekontoret: undersøkelsesbenken, skrivebordet, stetoskopet og skapet.",draft
np-a2-conversation-helse,A2,conversation,helse,Hei! Jeg var forkjølet forrige uke med feber. Hva pleier du å gjøre når du føler deg dårlig?,Snakk sammen om hva dere pleier å gjøre når dere er syke eller forkjølet.,draft
np-a2-presentation-familie,A2,presentation,familie,Velkommen til muntlig prøve. Vi begynner med en kort presentasjon. Kan du fortelle litt om familien din?,"Fortell om foreldre, søsken, barn og hyggelige ting dere gjør sammen.",draft
np-a2-picture-familie,A2,picture,familie,Se på bildet av spisestua. Kan du beskrive spisebordet og tingene som står på det?,"Beskriv spisestua på bildet: spisebordet, stolene, tallerknene og fruktfatet.",draft
np-a2-conversation-familie,A2,conversation,familie,Hei! I helgene pleier familien min å spise middag sammen. Hva liker du og familien din å gjøre i helgen?,Snakk sammen om hva dere og familien liker å gjøre i helgene.,draft
np-a2-presentation-handel,A2,presentation,handel,Velkommen til muntlig prøve. Vi begynner med en kort presentasjon. Kan du fortelle om hvordan du handler mat i hverdagen?,"Fortell om innkjøp i hverdagen: butikker, handlelister og hva du kjøper.",draft
np-a2-picture-handel,A2,picture,handel,Se på bildet fra matbutikken. Kan du beskrive hva du ser på hyllene og ved kassen?,"Beskriv matbutikken på bildet: hyllene med mat, kassen, kurven og skiltet.",draft
np-a2-conversation-handel,A2,conversation,handel,Hei! Jeg synes matprisene har blitt ganske høye i det siste. Pleier du å sjekke tilbud før du handler?,"Diskuter matpriser, gode tilbud og hvordan man kan spare penger.",draft
np-a2-presentation-transport,A2,presentation,transport,Velkommen til muntlig prøve. Vi begynner med en kort presentasjon. Kan du fortelle om hvordan du reiser til jobb eller skole?,"Fortell om hvordan du kommer deg til jobb, skole eller butikken i hverdagen.",draft
np-a2-picture-transport,A2,picture,transport,Se på bildet av bussholdeplassen. Kan du beskrive hva du ser på bildet?,"Beskriv bussholdeplassen: busskuret, benken, skiltet, lykten og bussen.",draft
np-a2-conversation-transport,A2,conversation,transport,"Hei! Jeg tar nesten alltid bussen, men om sommeren liker jeg å sykle. Hva foretrekker du å reise med?",Diskuter hva som er raskest og mest behagelig for å komme seg rundt.,draft
np-a2-presentation-fritid,A2,presentation,fritid,Velkommen til muntlig prøve. Vi begynner med en kort presentasjon. Kan du fortelle om hva du liker å gjøre på fritiden?,"Fortell om hobbyer, venner, turer og aktiviteter du trives med.",draft
np-a2-picture-fritid,A2,picture,fritid,Se på bildet av parken. Kan du beskrive hva du ser av natur og gjenstander der?,"Beskriv parken: trærne, benken, gangstien, sykkelen og blomstene.",draft
np-a2-conversation-fritid,A2,conversation,fritid,Hei! Til helgen har jeg lyst til å gå en lang tur i skogen. Hva liker du å gjøre når du har fri?,Diskuter hva dere planlegger å gjøre i helgen når dere har fri.,draft
np-b1-presentation-arbeid,B1,presentation,arbeid,Velkommen til muntlig prøve. Vi begynner med en kort presentasjon. Kan du fortelle om din yrkesbakgrunn og hvorfor du valgte dette yrket?,"Fortell om utdanning, tidligere arbeidserfaring og hva som kreves for å trives i jobben.",draft
np-b1-picture-arbeid,B1,picture,arbeid,"Se på bildet av kontoret. Beskriv arbeidsplassen, og fortell hvorfor det fysiske miljøet på jobben har betydning for trivselen.",Beskriv arbeidsplassen på bildet og drøft hvorfor fysisk tilrettelegging påvirker konsentrasjon.,draft
np-b1-conversation-arbeid,B1,conversation,arbeid,Hei! På min arbeidsplass sitter alle i åpent landskap. Hva tenker du er best — eget kontor eller åpent kontorlandskap?,Drøft sammen om åpent landskap gir bedre samarbeid eller for mye støy.,draft
np-b1-presentation-bolig,B1,presentation,bolig,Velkommen til muntlig prøve. Vi begynner med en kort presentasjon. Kan du fortelle om boligen din og hvorfor beliggenheten passer for deg?,"Fortell om boligen, nabolaget og vurderinger rundt beliggenhet og trivsel.",draft
np-b1-picture-bolig,B1,picture,bolig,"Se på bildet av stua. Beskriv rommet, og forklar hva som gjør et hjem hyggelig og komfortabelt å bo i.",Beskriv rommet på bildet og reflekter over betydningen av et trygt og trivelig hjem.,draft
np-b1-conversation-bolig,B1,conversation,bolig,Hei! Mange mener det alltid lønner seg å eie bolig i Norge. Hva tenker du — er det best å eie eller å leie?,"Drøft sammen økonomiske hensyn, fleksibilitet og vedlikehold ved kjøp eller leie.",draft
np-b1-presentation-helse,B1,presentation,helse,"Velkommen til muntlig prøve. Vi begynner med en kort presentasjon. Kan du fortelle om hvordan du balanserer jobb, hvile og sunne vaner?",Fortell om hvordan du holder kroppen og hodet i form i en travel hverdag.,draft
np-b1-picture-helse,B1,picture,helse,"Se på bildet av legekontoret. Beskriv hva du ser, og fortell hvorfor god kommunikasjon med fastlegen er viktig for pasienten.",Beskriv bildet av legekontoret og drøft pasientens behov for trygghet og god veiledning.,draft
np-b1-conversation-helse,B1,conversation,helse,Hei! Mange opplever hverdagsstress på grunn av jobb og forpliktelser. Hva gjør du for å stresse ned og hente ny energi?,Drøft sammen hvordan man unngår stress og prioriterer egen helse.,draft
np-b1-presentation-familie,B1,presentation,familie,Velkommen til muntlig prøve. Vi begynner med en kort presentasjon. Kan du fortelle om familiens rolle og hvordan dere støtter hverandre?,"Fortell om tradisjoner, kontakt mellom generasjoner og samhold i familien.",draft
np-b1-picture-familie,B1,picture,familie,"Se på bildet av spisestua. Beskriv rommet, og forklar hvorfor felles måltider er viktige for samholdet i en familie.",Beskriv rommet på bildet og drøft hvorfor måltider sammen styrker familierelasjoner.,draft
np-b1-conversation-familie,B1,conversation,familie,Hei! Det kan være krevende å kombinere full jobb med familieliv. Hvordan tror du man best kan finne balansen?,Drøft sammen hvordan foreldre kan kombinere karriere med omsorg for barn.,draft
np-b1-presentation-handel,B1,presentation,handel,Velkommen til muntlig prøve. Vi begynner med en kort presentasjon. Kan du fortelle om forbruksvanene dine og hva som påvirker valgene dine?,"Fortell om hvordan du planlegger innkjøp, budsjett og vurderer kvalitet mot pris.",draft
np-b1-picture-handel,B1,picture,handel,"Se på bildet av butikken. Beskriv detaljene, og drøft hvorfor lokale matbutikker er viktige møteplasser i et nabolag.",Beskriv butikken på bildet og drøft nærbutikkens betydning som sosial møteplass.,draft
np-b1-conversation-handel,B1,conversation,handel,Hei! Flere og flere handler klær og elektronikk på nettet. Hva foretrekker du — nettbutikk eller fysisk butikk?,"Drøft sammen om netthandel truer lokale butikker, og hva som er mest praktisk.",draft
np-b1-presentation-transport,B1,presentation,transport,Velkommen til muntlig prøve. Vi begynner med en kort presentasjon. Kan du fortelle om transportvanene dine og hvordan tilbudet fungerer der du bor?,"Fortell om reisevei, pålitelighet og hva som skal til for at flere reiser kollektivt.",draft
np-b1-picture-transport,B1,picture,transport,"Se på bildet av bussholdeplassen. Beskriv holdeplassen, og forklar hva som gjør et kollektivnett attraktivt for passasjerene.",Beskriv bildet av holdeplassen og drøft hva som kreves for at passasjerer skal føle seg trygge.,draft
np-b1-conversation-transport,B1,conversation,transport,Hei! I byene blir det dyrere å kjøre bil på grunn av bompenger. Bør folk flest bruke mer kollektivtransport?,Drøft sammen hvorvidt kollektivtransport kan erstatte privatbilen overalt.,draft
np-b1-presentation-fritid,B1,presentation,fritid,Velkommen til muntlig prøve. Vi begynner med en kort presentasjon. Kan du fortelle om friluftsliv og hva slags fritidsaktiviteter som gir deg glede?,"Fortell om naturopplevelser, hobbyer og hvordan du kobler av fra plikter.",draft
np-b1-picture-fritid,B1,picture,fritid,"Se på bildet av parken. Beskriv hva du ser, og drøft hvorfor offentlige parker er viktige for innbyggerne.",Beskriv parken på bildet og drøft betydningen av offentlige friområder i tettbygde strøk.,draft
np-b1-conversation-fritid,B1,conversation,fritid,Hei! Mange bruker mye fritid foran TV eller mobil. Hva tror du vi kan gjøre for å være mer aktive?,Drøft sammen hvordan man kan finne balansen mellom digitale medier og aktiv fritid.,draft
